{
  "train_loss": [
    6.724475367315884,
    7.205832908893454
  ],
  "val_loss": [],
  "val_metrics": [
    {
      "d1": 0.093,
      "abs_rel": 6.492,
      "rmse": 0.442,
      "mae": 0.341,
      "silog": 6.134
    },
    {
      "d1": 0.068,
      "abs_rel": 7.393,
      "rmse": 0.515,
      "mae": 0.367,
      "silog": 7.098
    }
  ]
}